1,Fiskaregatann 3,120 31 Stockholm,59.315709,18.033507,Pizzeria Apan
2,,120 31 Malmö,59.315709,18.033507,Bella Napoli
3,Xyz 4,120 31 Stockholm,59.315709,18.033507,Antro delle sorti
